Rank,SEASON,Player,Team,Pos,STICK %,NBA_YOS
1,2015,Jamal Murray,Kentucky,G,97.02,9
2,2015,Dejounte Murray,Washington,G,96.11,8
3,2015,Jaylen Brown,California,F,94.87,10
4,2015,Jakob Poeltl,Utah,F,94.52,10
5,2015,Brandon Ingram,Duke,F,94.24,10
6,2015,Kris Dunn,Providence,G,93.86,10
7,2015,Buddy Hield,Oklahoma,G,93.83,10
8,2015,Pascal Siakam,New Mexico State,G,93.2,10
9,2015,Ben Simmons,Louisiana State,G,90.51,7
10,2015,Alex Caruso,Texas A&M,G,80.91,9
11,2015,Domantas Sabonis,Gonzaga,G,80.54,10
12,2015,Malcolm Brogdon,Virginia,G,80.25,9
13,2015,Malik Beasley,Florida State,G,67.49,9
14,2015,Kyle Collinsworth,Brigham Young,G,63.32,1
15,2015,Brice Johnson,North Carolina,F,61.74,2
16,2015,Michael Gbinije,Syracuse,F,57.54,1
17,2015,Jarrod Uthoff,Iowa,G,57.36,2
18,2015,Caris LeVert,Michigan,G,56.64,10
19,2015,Fred VanVleet,Wichita State,G,53.67,9
20,2015,Tyler Ulis,Kentucky,G,52.43,3
21,2015,DeAndre Bembry,Saint Joseph's,F,51.73,0
22,2015,Damion Lee,Louisville,G,46.81,7
23,2015,Ben Bentil,Providence,G,46.35,1
24,2015,Retin Obasohan,Alabama,G,45.85,0
25,2015,Robert Carter,Maryland,F,45.49,0
26,2015,Wayne Selden Jr.,Kansas,G,42.34,0
27,2015,Marcus Georges-Hunt,Georgia Tech,G,41.1,2
28,2015,Isaiah Whitehead,Seton Hall,G,40.11,2
29,2015,Troy Williams,Indiana,F,39.09,3
30,2015,Dorian Finney-Smith,Florida,F,38.95,9
31,2015,Josh Scott,Colorado,F,36.01,0
32,2015,Kyle Wiltjer,Gonzaga,F,35.84,1
33,2015,A.J. Hammons,Purdue,C,34.77,0
34,2015,Jaysean Paige,West Virginia,G,34.32,1
35,2015,Jameel Warney,Stony Brook,F,33.36,1
36,2015,Kevin Punter,Tennessee,F,30.87,0
37,2015,Patrick McCaw,UNLV,G,28.98,5
38,2015,Denzel Valentine,Michigan State,G,26.67,5
39,2015,Perry Ellis,Kansas,G,24.77,0
40,2015,Isaiah Cousins,Oklahoma,G,24.21,0
41,2015,Kay Felder,Oakland,G,23.54,2
42,2015,Matt Costello,Michigan State,F,22.68,1
43,2015,Marquese Chriss,Washington,F,21.93,6
44,2015,Diamond Stone,Maryland,C,21.5,1
45,2015,Daniel Hamilton,Connecticut,G,21.04,2
46,2015,Yogi Ferrell,Indiana,G,20.76,5
47,2015,Austin Montgomery,Utah,F,20.13,0
48,2015,Gary Payton II,Oregon State,G,19.94,10
49,2015,Ron Baker,Wichita State,G,19.47,3
50,2015,Danuel House,Texas A&M,G,19.02,0
51,2015,Gavin Ware,Mississippi State,F,18.73,0
52,2015,Marvelle Harris,Fresno State,F,18.33,0
53,2015,Gabe York,Arizona,G,18.27,2
54,2015,Wade Baldwin IV,Vanderbilt,G,17.98,3
55,2015,Mark Tollefsen,Arizona,F,17.77,0
56,2015,Isaiah Taylor,Texas,G,14.18,2
57,2015,Demetrius Jackson,Notre Dame,G,14.1,3
58,2015,Malachi Richardson,Syracuse,G,14.08,3
59,2015,Thomas Walkup,Stephen F. Austin,G,14.08,0
60,2015,Bryn Forbes,Michigan State,G,13.84,7
61,2015,Michael Bryson,UC Santa Barbara,F,13.36,0
62,2015,Taurean Prince,Baylor,F,12.54,10
63,2015,Stefan Moody,Ole Miss,G,12.39,0
64,2015,Sheldon McClellan,Miami (FL),F,12.12,0
65,2015,Julian Jacobs,Southern California,G,11.88,0
66,2015,Michael Carrera,South Carolina,F,11.41,0
67,2015,Andrew Andrews,Washington,G,10.8,0
68,2015,Tyler Cavanaugh,George Washington,G,10.11,2
69,2015,Jonathan Holton,West Virginia,F,9.72,0
70,2015,Angel Rodriguez,Miami (FL),G,9.69,0
71,2015,Shavon Shields,Nebraska,G,9.6,0
72,2015,Tim Quarterman,Louisiana State,G,9.44,2
73,2015,Anthony Barber,NC State,G,9.1,0
74,2015,Devin Williams,West Virginia,F,8.91,0
75,2015,Nick Faust,Long Beach State,G,8.91,0
76,2015,Georges Niang,Iowa State,F,8.81,9
77,2015,Daniel Ochefu,Villanova,F,8.55,1
78,2015,Jeff Newberry,Oklahoma State,G,7.95,0
79,2015,Armani Moore,Tennessee,G,7.93,0
80,2015,Marcus Paige,North Carolina,G,7.71,1
81,2015,Anthony Gill,Virginia,F,7.08,6
82,2015,Ryan Spangler,Oklahoma,F,6.57,0
83,2015,Toddrick Gotcher,Texas Tech,G,6.57,0
84,2015,Shonn Miller,Connecticut,F,6.0,0
85,2015,D'Vauntes Smith-Rivera,Georgetown,G,5.06,0
86,2015,Craig Sword,Mississippi State,G,4.61,1
87,2015,Omar Calhoun,Connecticut,G,4.44,0
88,2015,Jake Layman,Maryland,F,4.44,6
89,2015,Stefan Jankovic,Hawaii,F,4.26,0
90,2015,Roosevelt Jones,Butler,F,4.24,0
91,2015,Ryan Anderson,Arizona,F,4.24,4
92,2015,Tyrone Wallace,California,G,4.16,4
93,2015,Damian Jones,Vanderbilt,C,3.91,8
94,2015,Rasheed Sulaimon,Maryland,G,3.82,0
95,2015,James Robinson,Pittsburgh,G,3.76,0
96,2015,Patricio Garino,George Washington,G,3.57,1
97,2015,Derrick Jones Jr.,UNLV,F,3.53,10
98,2015,Henry Ellenson,Marquette,G,3.29,5
99,2015,Ryan Arcidiacono,Villanova,G,3.22,7
100,2015,Nic Moore,SMU,G,3.07,0
1,2016,Zach Collins,Gonzaga,F,95.84,7
2,2016,Jayson Tatum,Duke,F,94.53,8
3,2016,Lonzo Ball,UCLA,G,93.55,7
4,2016,Lauri Markkanen,Arizona,F,93.05,9
5,2016,De'Anthony Melton,Southern California,G,92.66,7
6,2016,Jarrett Allen,Texas,F,92.55,9
7,2016,Donovan Mitchell,Louisville,G,91.59,9
8,2016,Eric Mika,Brigham Young,G,90.05,1
9,2016,Malik Monk,Kentucky,G,89.98,9
10,2016,Josh Hart,Villanova,G,89.14,9
11,2016,Derrick White,Colorado,G,89.09,9
12,2016,Bam Adebayo,Kentucky,F,88.74,9
13,2016,Luke Kennard,Duke,G,88.41,9
14,2016,Dillon Brooks,Oregon,F,86.7,9
15,2016,Markelle Fultz,Washington,G,85.97,8
16,2016,Josh Jackson,Kansas,G,85.36,5
17,2016,De'Aaron Fox,Kentucky,G,84.91,8
18,2016,Derrick Walton Jr.,Michigan,F,82.36,3
19,2016,Dennis Smith Jr.,NC State,G,79.44,7
20,2016,Cameron Oliver,Nevada,G,77.03,2
21,2016,OG Anunoby,Indiana,F,76.16,9
22,2016,John Collins,Wake Forest,G,72.32,9
23,2016,Kyle Kuzma,Utah,F,68.88,9
24,2016,Alec Peters,Valparaiso,G,68.64,1
25,2016,Devin Robinson,Florida,F,65.98,2
26,2016,Jamel Artis,Pittsburgh,G,58.07,1
27,2016,Melo Trimble,Maryland,G,49.78,0
28,2016,Luke Kornet,Vanderbilt,F,48.79,9
29,2016,Michael Young,Pittsburgh,G,48.05,0
30,2016,JeQuan Lewis,VCU,G,47.44,0
31,2016,Frank Mason,Kansas,G,46.42,0
32,2016,Jonathan Isaac,Florida State,F,44.99,7
33,2016,Monte Morris,Iowa State,G,40.63,0
34,2016,Tyler Lydon,Syracuse,F,40.22,2
35,2016,Nigel Williams-Goss,Gonzaga,G,35.27,1
36,2016,Justin Jackson,North Carolina,G,35.03,0
37,2016,Kennedy Meeks,North Carolina,F,35.02,0
38,2016,Jawun Evans,Oklahoma State,G,34.74,2
39,2016,Isaiah Briscoe,Kentucky,G,31.13,1
40,2016,TJ Leaf,UCLA,F,28.57,0
41,2016,Sterling Brown,SMU,G,28.5,6
42,2016,Lorenzo Bonam,Utah,G,25.27,0
43,2016,London Perrantes,Virginia,G,24.47,1
44,2016,Peter Jok,Iowa,G,23.48,0
45,2016,Semi Ojeleye,SMU,G,22.81,5
46,2016,Johnathan Motley,Baylor,F,22.59,3
47,2016,Ivan Rabb,California,F,21.35,2
48,2016,Frank Jackson,Duke,G,20.01,5
49,2016,J.J. Frazier,Georgia,G,18.69,0
50,2016,Jeremy Senglin,Weber State,G,18.59,0
51,2016,Davon Reed,Miami (FL),G,18.22,4
52,2016,Kris Jenkins,Villanova,F,17.71,0
53,2016,Tony Bradley,North Carolina,F,16.88,8
54,2016,Edmond Sumner,Xavier,G,16.84,5
55,2016,T.J. Cline,Richmond,F,14.47,0
56,2016,Jordan Bell,Oregon,F,14.46,0
57,2016,Paris Lee,Illinois State,G,13.8,0
58,2016,Andrew White III,Syracuse,G,13.25,1
59,2016,Malcolm Hill,Illinois,G,12.26,2
60,2016,D.J. Wilson,Michigan,F,11.75,6
61,2016,Rodney Purvis,Connecticut,G,11.18,1
62,2016,Justin Patton,Creighton,C,10.89,4
63,2016,Tyler Dorsey,Oregon,G,10.36,3
64,2016,Tra-Deon Hollins,Omaha,G,8.91,0
65,2016,Zak Showalter,Wisconsin,G,8.21,0
66,2016,Thomas Bryant,Indiana,C,8.06,9
67,2016,Matt Mobley,St. Bonaventure,G,7.83,0
68,2016,Ishmail Wainright,Baylor,G,7.73,0
69,2016,Ben Moore,SMU,F,7.5,1
70,2016,PJ Dozier,South Carolina,G,7.42,7
71,2016,Jack Gibbs,Davidson,G,6.91,0
72,2016,Marquise Moore,George Mason,F,6.58,0
73,2016,Jeremy Morgan,Northern Iowa,G,6.57,0
74,2016,Dwayne Bacon,Florida State,F,6.57,4
75,2016,Tracy Abrams,Illinois,G,6.5,0
76,2016,Caleb Swanigan,Purdue,G,6.45,3
77,2016,Mo Evans,IPFW,G,6.33,0
78,2016,Xavier Rathan-Mayes,Florida State,G,6.18,1
79,2016,Chris Flemmings,UNC Wilmington,G,5.82,0
80,2016,Nathan Adrian,West Virginia,F,5.47,0
81,2016,Troy Caupain,Cincinnati,G,5.38,1
82,2016,Dylan Ennis,Oregon,G,5.07,0
83,2016,Jaron Blossomgame,Clemson,F,4.88,1
84,2016,Sindarius Thornwell,South Carolina,F,4.84,4
85,2016,Jordan Woodard,Oklahoma,G,4.61,0
86,2016,Charles Cooke,Dayton,G,4.28,1
87,2016,Wesley Iwundu,Kansas State,F,4.04,0
88,2016,Tarik Phillip,West Virginia,G,3.78,0
89,2016,Blake Hamilton,Buffalo,G,3.77,0
90,2016,Damyean Dotson,Houston,G,3.73,5
91,2016,JaJuan Johnson,Marquette,G,3.66,0
92,2016,Matt Thomas,Iowa State,G,3.51,3
93,2016,L.J. Peak,Georgetown,F,3.44,0
94,2016,Dusty Hannahs,Arkansas,G,3.17,2
95,2016,Moses Kingsley,Arkansas,C,3.16,0
96,2016,Isaiah Hicks,North Carolina,F,3.12,2
97,2016,Tai Webster,Nebraska,G,3.09,0
98,2016,Terry Henderson,NC State,G,2.95,0
99,2016,Jabari Bird,California,G,2.93,1
100,2016,Scoochie Smith,Dayton,G,2.88,0
1,2017,Marvin Bagley III,Duke,G,96.76,8
2,2017,Kendrick Nunn,Oakland,G,95.17,3
3,2017,Wendell Carter Jr.,Duke,F,94.53,8
4,2017,Shai Gilgeous-Alexander,Kentucky,G,93.67,8
5,2017,Jaren Jackson Jr.,Michigan State,F,91.73,8
6,2017,Donte DiVincenzo,Villanova,G,89.48,8
7,2017,Kevin Huerter,Maryland,G,88.98,8
8,2017,Gary Trent Jr.,Duke,G,88.4,8
9,2017,Khyri Thomas,Creighton,G,87.63,3
10,2017,Devonte' Graham,Kansas,F,86.14,6
11,2017,Deandre Ayton,Arizona,G,85.45,8
12,2017,Michael Porter Jr.,Missouri,F,84.97,7
13,2017,Trae Young,Oklahoma,F,83.12,8
14,2017,Mikal Bridges,Villanova,G,81.79,8
15,2017,Cameron Johnson,College of Charleston,G,81.65,0
16,2017,Zhaire Smith,Texas Tech,G,80.4,2
17,2017,Miles Bridges,Michigan State,G,78.95,7
18,2017,Elijah Bryant,Brigham Young,G,75.36,1
19,2017,Bruce Brown,Miami (FL),G,75.21,8
20,2017,Vince Edwards,Purdue,F,66.35,0
21,2017,Jalen Brunson,Villanova,C,64.58,8
22,2017,Tony Carr,Penn State,G,59.65,0
23,2017,Jemerrio Jones,New Mexico State,F,57.97,2
24,2017,Jevon Carter,West Virginia,F,54.54,8
25,2017,Collin Sexton,Alabama,G,52.24,8
26,2017,Lonnie Walker,Miami (FL),G,50.19,0
27,2017,Jacob Evans,Cincinnati,G,48.74,2
28,2017,Kelan Martin,Butler,G,47.1,3
29,2017,Troy Brown,Oregon,F,40.41,0
30,2017,Grayson Allen,Duke,G,39.45,8
31,2017,Andrew Rowsey,Marquette,G,38.21,0
32,2017,Jontay Porter,Missouri,F,35.81,2
33,2017,Jordan McLaughlin,Southern California,G,34.73,7
34,2017,Robert Gray Jr.,Houston,F,31.48,0
35,2017,Vladimir Brodziansky,TCU,F,31.28,0
36,2017,Landry Shamet,Wichita State,G,29.61,8
37,2017,Josh Okogie,Georgia Tech,G,29.29,8
38,2017,Jerome Robinson,Boston College,G,29.07,4
39,2017,Malik Newman,Kansas,G,26.36,2
40,2017,Makinde London,Chattanooga,F,24.2,0
41,2017,Isaac Haas,Purdue,C,23.42,0
42,2017,Hamidou Diallo,Kentucky,G,22.56,6
43,2017,Rawle Alkins,Arizona,G,22.12,1
44,2017,Trevon Bluiett,Xavier,F,21.1,0
45,2017,Deng Adel,Louisville,F,19.68,1
46,2017,Gabe DeVoe,Clemson,G,18.78,0
47,2017,Peyton Aldridge,Davidson,F,17.26,0
48,2017,J.P. Macura,Xavier,G,16.96,2
49,2017,Jake Lindsey,Baylor,G,16.61,0
50,2017,Nick King,Middle Tennessee,F,16.45,0
51,2017,Darius Thompson,Western Kentucky,G,16.23,0
52,2017,Kevin Knox,Kentucky,C,16.17,0
53,2017,Marcus Derrickson,Georgetown,F,16.17,1
54,2017,David Collette,Utah,F,16.15,0
55,2017,Mohamed Bamba,Texas,F,15.72,0
56,2017,Keita Bates-Diop,Ohio State,G,14.35,6
57,2017,Bryant Crawford,Wake Forest,G,13.93,0
58,2017,Ryan Stipanovich,Bradley,G,13.92,0
59,2017,Gary Clark,Cincinnati,F,13.44,4
60,2017,Josh Brown,Temple,G,13.41,0
61,2017,Raymond Spalding,Louisville,F,12.89,0
62,2017,Joel Berry II,North Carolina,F,12.81,0
63,2017,B.J. Johnson,La Salle,F,12.47,0
64,2017,Joel Hernandez,LIU Brooklyn,F,12.37,0
65,2017,Jeffrey Carroll,Oklahoma State,G,12.0,0
66,2017,Chris Chiozza,Florida,G,11.86,4
67,2017,Shavar Newkirk,Saint Joseph's,F,11.63,0
68,2017,Desi Rodriguez,Seton Hall,F,11.55,0
69,2017,Yante Maten,Georgia,G,11.4,1
70,2017,Dakota Mathias,Purdue,G,11.39,2
71,2017,Johnathan Williams,Gonzaga,F,11.32,2
72,2017,Tyler Davis,Texas A&M,C,10.47,1
73,2017,DJ Hogg,Texas A&M,F,10.4,0
74,2017,Aaron Holiday,UCLA,G,9.51,8
75,2017,Brandon Goodwin,Florida Gulf Coast,F,9.21,4
76,2017,Omari Spellman,Villanova,F,9.18,2
77,2017,Shake Milton,SMU,G,8.51,7
78,2017,Keenan Evans,Texas Tech,F,8.43,0
79,2017,Chimezie Metu,Southern California,F,8.32,6
80,2017,Devon Hall,Virginia,G,8.18,1
81,2017,Daryl Macon,Arkansas,G,8.14,2
82,2017,Jo Acuil,Baylor,F,7.42,0
83,2017,Marcus Lee,California,F,6.92,0
84,2017,Braian Angola-Rodas,Florida State,G,6.89,0
85,2017,Chandler Hutchison,Boise State,G,6.77,4
86,2017,Trevon Duval,Duke,G,5.68,1
87,2017,Duncan Robinson,Michigan,F,5.63,8
88,2017,Allonzo Trier,Arizona,G,5.61,2
89,2017,Jae'Sean Tate,Ohio State,F,5.39,6
90,2017,Elijah Brown,Oregon,G,5.18,0
91,2017,Justin Jackson,Maryland,F,5.06,7
92,2017,Jock Landale,St. Mary's (CA),F,5.02,5
93,2017,George King,Colorado,G,4.72,2
94,2017,Elijah Stewart,Southern California,G,4.64,0
95,2017,Justin Tillman,VCU,G,4.49,0
96,2017,Dewan Hernandez,Miami (FL),F,4.32,1
97,2017,Matt Farrell,Notre Dame,G,4.2,0
98,2017,Jordan Barnett,Missouri,F,4.18,0
99,2017,Theo Pinson,North Carolina,F,3.98,5
100,2017,Tavarius Shine,Oklahoma State,G,3.8,0
1,2018,Nickeil Alexander-Walker,Virginia Tech,G,97.09,7
2,2018,Daniel Gafford,Arkansas,F,97.0,7
3,2018,Tyler Herro,Kentucky,G,96.11,6
4,2018,De'Andre Hunter,Virginia,G,94.74,7
5,2018,Ignas Brazdeikis,Michigan,F,94.58,3
6,2018,Keldon Johnson,Kentucky,G,90.04,7
7,2018,Louis King,Oregon,F,89.28,4
8,2018,Coby White,North Carolina,F,89.01,6
9,2018,Jordan Poole,Michigan,G,88.75,7
10,2018,Naz Reid,Louisiana State,F,88.3,7
11,2018,Darius Garland,Vanderbilt,G,87.91,7
12,2018,Rui Hachimura,Gonzaga,G,87.08,7
13,2018,Kevin Porter Jr.,Southern California,G,86.63,6
14,2018,Jaylen Hoard,Wake Forest,F,86.09,3
15,2018,Zion Williamson,Duke,G,85.66,6
16,2018,Brandon Clarke,Gonzaga,G,82.47,6
17,2018,Luguentz Dort,Arizona State,G,81.39,7
18,2018,Ja Morant,Murray State,G,73.32,7
19,2018,Talen Horton-Tucker,Iowa State,G,72.39,6
20,2018,Bennie Boatwright,Southern California,G,56.49,0
21,2018,Chuma Okeke,Auburn,F,55.11,5
22,2018,R.J. Barrett,Duke,G,54.96,0
23,2018,Nassir Little,North Carolina,F,52.98,5
24,2018,Jarrett Culver,Texas Tech,F,52.27,4
25,2018,Tremont Waters,Louisiana State,G,49.1,3
26,2018,Romeo Langford,Indiana,G,45.58,4
27,2018,Marial Shayok,Iowa State,F,44.45,1
28,2018,Shamorie Ponds,St. John's (NY),G,43.77,1
29,2018,Cam Reddish,Duke,F,43.24,6
30,2018,Ty Jerome,Virginia,G,42.01,6
31,2018,Phil Booth,Villanova,G,39.99,0
32,2018,Quinndary Weatherspoon,Mississippi State,F,39.13,3
33,2018,Kerwin Roach Jr.,Texas,G,38.75,0
34,2018,Jared Harper,Auburn,G,37.93,3
35,2018,Ky Bowman,Boston College,G,37.75,1
36,2018,Mike Daum,South Dakota State,F,34.8,0
37,2018,Ethan Happ,Wisconsin,F,33.98,0
38,2018,Carsen Edwards,Purdue,G,32.0,3
39,2018,PJ Washington,Kentucky,F,28.69,0
40,2018,Zach Norvell Jr.,Gonzaga,G,28.66,1
41,2018,Dean Wade,Kansas State,F,28.61,7
42,2018,Lindell Wigginton,Iowa State,G,26.93,3
43,2018,Jaylen Hands,UCLA,G,25.45,0
44,2018,Dedric Lawson,Kansas,F,25.36,0
45,2018,Elijah Thomas,Clemson,F,25.22,0
46,2018,Mfiondu Kabengele,Florida State,F,23.7,3
47,2018,Dylan Osetkowski,Texas,F,23.55,0
48,2018,Jaxson Hayes,Texas,F,22.84,7
49,2018,Juwan Morgan,Indiana,F,21.37,3
50,2018,Aubrey Dawkins,UCF,G,21.28,0
51,2018,Marcquise Reed,Clemson,G,18.7,0
52,2018,Kris Wilkes,UCLA,G,18.17,0
53,2018,Corey Davis Jr.,Houston,G,17.63,0
54,2018,Jordan Murphy,Minnesota,F,17.57,0
55,2018,Jordan Bone,Tennessee,G,17.55,2
56,2018,Anthony Lawrence Jr.,Miami (FL),G,17.18,0
57,2018,Luke Maye,North Carolina,F,17.11,0
58,2018,Jalen McDaniels,San Diego State,F,16.98,6
59,2018,Bruno Fernando,Maryland,F,16.69,6
60,2018,Max Strus,DePaul,F,16.04,6
61,2018,Eric Paschall,Villanova,G,15.25,3
62,2018,James Palmer,Nebraska,G,15.14,0
63,2018,Isaiah Pineiro,San Diego,G,15.09,0
64,2018,Grant Williams,Tennessee,G,14.95,6
65,2018,Stephen Thompson Jr.,Oregon State,G,12.99,0
66,2018,Simisola Shittu,Vanderbilt,F,12.49,0
67,2018,KeVaughn Allen,Florida,G,11.98,0
68,2018,Justin Robinson,Virginia Tech,G,11.88,0
69,2018,Brooks Cluxton,Campbell,F,10.97,0
70,2018,Barry Brown,Kansas State,G,10.76,0
71,2018,Nick Ward,Michigan State,F,10.53,0
72,2018,Kouat Noi,TCU,F,9.56,0
73,2018,Terance Mann,Florida State,G,9.06,7
74,2018,Markis McDuffie,Wichita State,F,8.96,0
75,2018,Donta Hall,Alabama,F,8.62,2
76,2018,Kyle Guy,Virginia,G,8.43,3
77,2018,Courtney Stockard,St. Bonaventure,G,8.07,0
78,2018,Justin Simon,St. John's (NY),G,7.69,0
79,2018,Vic Law,Northwestern,F,7.5,1
80,2018,Isaiah Roby,Nebraska,F,6.95,4
81,2018,Matt Mooney,Texas Tech,G,6.71,2
82,2018,Tyus Battle,Syracuse,G,6.64,0
83,2018,Matisse Thybulle,Washington,G,6.44,7
84,2018,Jalen Adams,Connecticut,G,6.31,0
85,2018,Admiral Schofield,Tennessee,G,6.04,4
86,2018,Jalen Hudson,Florida,G,5.95,0
87,2018,Moses Brown,UCLA,C,5.94,6
88,2018,Dererk Pardon,Northwestern,C,5.89,0
89,2018,Tookie Brown,Georgia Southern,G,5.5,0
90,2018,Terence Davis,Ole Miss,G,5.15,5
91,2018,Christian James,Oklahoma,G,5.13,0
92,2018,Armoni Brooks,Houston,G,4.74,3
93,2018,Nick Weiler-Babb,Iowa State,G,4.34,0
94,2018,Zach Hankins,Xavier,F,4.28,0
95,2018,Jaylen Nowell,Washington,F,4.14,6
96,2018,Paul White,Oregon,F,4.08,0
97,2018,Charles Matthews,Michigan,G,4.06,0
98,2018,Nicolas Claxton,Georgia,F,3.74,0
99,2018,Jared Wilson-Frame,Pittsburgh,G,3.58,0
100,2018,Kevarrius Hayes,Florida,C,3.57,0
1,2019,Cole Anthony,North Carolina,G,95.7,6
2,2019,Tre Jones,Duke,G,95.35,6
3,2019,Devin Vassell,Florida State,G,94.77,6
4,2019,Onyeka Okongwu,Southern California,F,92.55,6
5,2019,Jaden McDaniels,Washington,F,92.04,6
6,2019,Obi Toppin,Dayton,F,91.51,6
7,2019,Payton Pritchard,Oregon,G,91.46,6
8,2019,Saddiq Bey,Villanova,F,90.73,5
9,2019,Tyrese Haliburton,Iowa State,G,90.2,5
10,2019,Patrick Williams,Florida State,F,88.47,6
11,2019,Tyrese Maxey,Kentucky,G,85.56,6
12,2019,Anthony Edwards,Georgia,G,85.47,6
13,2019,Isaiah Stewart,Washington,F,83.36,6
14,2019,Precious Achiuwa,Memphis,F,78.25,6
15,2019,Desmond Bane,TCU,G,75.79,6
16,2019,Zavier Simpson,Michigan,G,66.27,2
17,2019,Anthony Cowan,Maryland,G,66.03,0
18,2019,Jordan Nwora,Louisville,G,65.46,4
19,2019,Immanuel Quickley,Kentucky,G,63.7,6
20,2019,Elijah Hughes,Syracuse,G,61.85,2
21,2019,Cassius Stanley,Duke,G,60.74,2
22,2019,Jahmi'us Ramsey,Texas Tech,G,59.25,3
23,2019,Daniel Oturu,Minnesota,G,56.8,2
24,2019,Devon Dotson,Kansas,G,51.13,3
25,2019,Zeke Nnaji,Arizona,F,50.13,6
26,2019,Vernon Carey Jr.,Duke,C,49.26,3
27,2019,Josh Green,Arizona,G,47.58,5
28,2019,Tyrell Terry,Stanford,G,46.65,2
29,2019,Cassius Winston,Michigan State,G,44.06,2
30,2019,Naji Marshall,Xavier,F,38.84,6
31,2019,Myles Powell,Seton Hall,G,38.5,1
32,2019,Malik Fitts,St. Mary's (CA),F,35.85,2
33,2019,Skylar Mays,Louisiana State,G,34.88,4
34,2019,Reggie Perry,Mississippi State,F,34.36,2
35,2019,Tres Tinkle,Oregon State,G,33.97,0
36,2019,Trent Forrest,Florida State,G,32.99,4
37,2019,Isaiah Joe,Arkansas,G,32.15,6
38,2019,Jalen Johnson,Tennessee,G,30.56,0
39,2019,Ty-Shon Alexander,Creighton,G,29.63,1
40,2019,Christian Vital,Connecticut,G,28.63,0
41,2019,Isiaha Mike,SMU,F,27.16,0
42,2019,Xavier Tillman,Michigan State,F,25.39,6
43,2019,Jordan Ford,St. Mary's (CA),F,23.41,1
44,2019,Jarron Cumberland,Cincinnati,G,21.86,1
45,2019,Kristian Doolittle,Oklahoma,F,21.73,0
46,2019,Kamar Baldwin,Butler,G,20.84,0
47,2019,Robert Woodard,Mississippi State,G,20.42,0
48,2019,Kaleb Wesson,Ohio State,F,19.74,0
49,2019,Markus Howard,Marquette,G,19.7,2
50,2019,Ashton Hagans,Kentucky,G,19.7,2
51,2019,Mamadi Diakite,Virginia,F,18.62,4
52,2019,CJ Elleby,Washington State,G,17.7,2
53,2019,Jake Toolson,Brigham Young,G,17.04,0
54,2019,Preston Santos,Massachusetts,G,15.47,0
55,2019,Kira Lewis Jr.,Alabama,G,12.65,4
56,2019,Nathan Knight,William & Mary,G,12.52,3
57,2019,Isaac Okoro,Auburn,F,12.23,6
58,2019,Killian Tillie,Gonzaga,F,12.17,2
59,2019,Breein Tyree,Ole Miss,G,11.99,0
60,2019,Tyson Carter,Mississippi State,G,11.53,0
61,2019,Markell Johnson,NC State,G,11.13,0
62,2019,Cameron McGriff,Oklahoma State,F,10.1,1
63,2019,Brandon Robinson,North Carolina,G,8.65,0
64,2019,Aaron Nesmith,Vanderbilt,F,8.56,6
65,2019,Andrew Kostecka,Loyola (MD),C,8.39,0
66,2019,Yoeli Childs,Brigham Young,F,7.21,0
67,2019,Paul Reed,DePaul,F,7.03,6
68,2019,Trevelin Queen,New Mexico State,G,6.76,4
69,2019,John Mooney,Notre Dame,F,6.09,0
70,2019,Nick Richards,Kentucky,F,5.97,6
71,2019,Nate Hinton,Houston,G,5.79,3
72,2019,Udoka Azubuike,Kansas,C,5.04,4
73,2019,Jon Teske,Michigan,C,4.96,1
74,2019,Saben Lee,Vanderbilt,G,4.39,4
75,2019,Jordan Bowden,Tennessee,G,4.36,0
76,2019,Tre Scott,Cincinnati,F,4.27,0
77,2019,J'Von McCormick,Auburn,G,3.63,0
78,2019,Nick Weatherspoon,Mississippi State,G,3.57,0
79,2019,Lamar Stevens,Penn State,F,3.5,5
80,2019,Braxton Key,Virginia,F,3.48,4
81,2019,Danjel Purifoy,Auburn,F,3.34,0
82,2019,JaQuan Lyle,New Mexico,G,3.21,0
83,2019,C.J. Bryce,NC State,G,3.03,0
84,2019,Nahziah Carter,Washington,G,2.95,0
85,2019,Dwayne Sutton,Louisville,F,2.89,0
86,2019,Devonte Green,Indiana,G,2.77,0
87,2019,Xavier Sneed,Kansas State,F,2.61,2
88,2019,TJ Haws,Brigham Young,G,2.61,0
89,2019,Mike Watkins,Penn State,F,2.59,0
90,2019,Addison Patterson,Oregon,G,2.57,0
91,2019,EJ Montgomery,Kentucky,F,2.34,0
92,2019,Emmitt Williams,Louisiana State,F,2.07,0
93,2019,Tyrique Jones,Xavier,F,2.02,0
94,2019,Barret Benson,Southern Illinois,C,2.0,0
95,2019,Rayshaun Hammonds,Georgia,F,1.9,0
96,2019,Lamine Diane,Cal State Northridge,F,1.85,0
97,2019,Rex Pflueger,Notre Dame,G,1.84,0
98,2019,Lamont West,Missouri State,F,1.84,0
99,2019,Keith Stone,Miami (FL),F,1.8,0
100,2019,Brendan Bailey,Marquette,F,1.79,0
1,2020,Evan Mobley,Southern California,F,96.19,5
2,2020,Jalen Suggs,Gonzaga,G,94.33,5
3,2020,Franz Wagner,Michigan,G,94.25,5
4,2020,Quentin Grimes,Houston,G,93.9,5
5,2020,Trey Murphy III,Virginia,G,93.15,5
6,2020,Davion Mitchell,Baylor,G,89.3,5
7,2020,Cade Cunningham,Oklahoma State,G,88.41,5
8,2020,Austin Reaves,Oklahoma,G,87.42,5
9,2020,Aaron Wiggins,Maryland,G,85.71,5
10,2020,Ayo Dosunmu,Illinois,G,83.14,5
11,2020,Tre Mann,Florida,G,82.95,5
12,2020,Raiquan Gray,Florida State,F,79.8,2
13,2020,Mac McClung,Texas Tech,G,79.27,4
14,2020,Cameron Johnson,Stephen F. Austin,G,73.09,7
15,2020,Scottie Barnes,Florida State,G,66.82,5
16,2020,Sandro Mamukelashvili,Seton Hall,F,65.79,5
17,2020,Chris Duarte,Oregon,G,60.11,4
18,2020,McKinley Wright IV,Colorado,G,59.75,2
19,2020,Miles McBride,West Virginia,G,55.09,5
20,2020,Nah'Shon Hyland,VCU,G,52.3,0
21,2020,Dejon Jarreau,Houston,G,52.18,2
22,2020,Charles Bassey,Western Kentucky,C,49.87,5
23,2020,Matthew Hurt,Duke,F,45.95,0
24,2020,Isaiah Livers,Michigan,F,45.72,4
25,2020,Jared Butler,Baylor,G,39.19,4
26,2020,Jaden Springer,Tennessee,G,38.67,4
27,2020,Aaron Henry,Michigan State,F,35.93,1
28,2020,Aamir Simms,Clemson,F,35.57,0
29,2020,Santi Aldama,Loyola (MD),F,34.73,5
30,2020,Herb Jones,Alabama,F,33.21,0
31,2020,Jay Huff,Virginia,F,28.84,5
32,2020,Neemias Queta,Utah State,C,28.35,5
33,2020,Jeremiah Robinson-Earl,Villanova,F,26.39,5
34,2020,Matt Haarms,Brigham Young,C,24.74,0
35,2020,Joe Wieskamp,Iowa,G,24.28,2
36,2020,Justin Champagnie,Pittsburgh,G,24.23,5
37,2020,MaCio Teague,Baylor,G,22.98,0
38,2020,Joel Ayayi,Gonzaga,G,20.3,1
39,2020,Alan Griffin,Syracuse,G,18.85,0
40,2020,Cameron Thomas,Louisiana State,G,18.24,0
41,2020,Day'Ron Sharpe,North Carolina,F,17.53,5
42,2020,Moses Moody,Arkansas,G,16.74,5
43,2020,Luka Garza,Iowa,F,15.77,5
44,2020,Jalen Crutcher,Dayton,G,15.28,1
45,2020,Oscar Da Silva,Stanford,F,15.03,0
46,2020,Jordan Goodwin,Saint Louis,G,14.12,5
47,2020,Keve Aluma,Virginia Tech,F,14.01,0
48,2020,Dru Smith,Missouri,G,13.51,4
49,2020,Kai Jones,Texas,F,12.96,3
50,2020,James Bouknight,Connecticut,G,11.43,3
51,2020,Jose Alvarado,Georgia Tech,G,10.8,5
52,2020,Sam Hauser,Virginia,F,8.74,5
53,2020,Jaquori McLaughlin,UC Santa Barbara,G,8.16,1
54,2020,Balsa Koprivica,Florida State,C,8.1,0
55,2020,Micah Potter,Wisconsin,F,6.68,4
56,2020,D.J. Carton,Marquette,G,6.06,2
57,2020,Sharife Cooper,Auburn,G,5.98,2
58,2020,Marcus Zegarowski,Creighton,G,5.26,0
59,2020,Joey Madimba,Tarleton State,F,4.81,0
60,2020,David Duke,Providence,G,4.01,0
61,2020,Jordan Schakel,San Diego State,G,3.56,2
62,2020,Derek Culver,West Virginia,F,3.32,0
63,2020,Josh Christopher,Arizona State,G,3.1,3
64,2020,JT Thor,Auburn,F,3.02,4
65,2020,John Petty,Alabama,G,2.94,0
66,2020,Jhivvan Jackson,UTSA,G,2.71,0
67,2020,Kessler Edwards,Pepperdine,F,2.51,4
68,2020,Trendon Watford,Louisiana State,F,2.26,5
69,2020,Keon Johnson,Tennessee,G,2.18,4
70,2020,Marcus Garrett,Kansas,G,2.02,0
71,2020,Isaiah Miller,UNC Greensboro,G,1.96,0
72,2020,Kyle Young,Ohio State,F,1.88,0
73,2020,Eugene Omoruyi,Oregon,F,1.8,3
74,2020,Ethan Thompson,Oregon State,G,1.69,0
75,2020,Solomon Young,Iowa State,F,1.48,0
76,2020,Javion Hamlet,North Texas,G,1.44,0
77,2020,Jericho Sims,Texas,F,1.4,5
78,2020,Joshua Primo,Alabama,G,1.38,3
79,2020,LJ Figueroa,Oregon,G,1.35,0
80,2020,Nate Reuvers,Wisconsin,F,1.27,0
81,2020,Colbey Ross,Pepperdine,G,1.25,0
82,2020,Romello White,Ole Miss,F,1.2,0
83,2020,Justin Turner,Bowling Green,G,1.18,0
84,2020,Cameron Krutwig,Loyola Chicago,C,1.16,0
85,2020,DJ Steward,Duke,G,1.1,0
86,2020,Justice Sueing,Ohio State,F,0.93,0
87,2020,Jonathan Alexandre,Oral Roberts,G,0.92,0
88,2020,Terry Taylor,Austin Peay,G,0.89,4
89,2020,Jordan Bruner,Alabama,F,0.88,0
90,2020,Matt Coleman,Texas,G,0.75,0
91,2020,Elijah Cuffee,Liberty,F,0.71,0
92,2020,Dalano Banton,Nebraska,G,0.66,4
93,2020,D.J. Stewart,Mississippi State,G,0.66,0
94,2020,Jalen Tate,Arkansas,F,0.64,0
95,2020,Matt Mitchell,San Diego State,F,0.61,0
96,2020,Moses Wright,Georgia Tech,F,0.61,1
97,2020,Ziaire Williams,Stanford,F,0.6,5
98,2020,Mark Vital,Baylor,F,0.59,0
99,2020,D'Mitrik Trice,Wisconsin,G,0.55,0
100,2020,Kolton Kohl,Abilene Christian,C,0.54,0
1,2021,Paolo Banchero,Duke,F,96.99,4
2,2021,Christian Braun,Kansas,G,95.82,4
3,2021,Jaden Ivey,Purdue,G,93.95,3
4,2021,Bennedict Mathurin,Arizona,G,90.65,4
5,2021,Isaiah Mobley,Southern California,F,90.6,3
6,2021,Mark Williams,Duke,C,89.49,4
7,2021,Jacob Gilyard,Richmond,G,87.02,2
8,2021,Chet Holmgren,Gonzaga,C,85.71,3
9,2021,Walker Kessler,Auburn,F,84.68,4
10,2021,Keegan Murray,Iowa,F,82.62,3
11,2021,Jalen Williams,Santa Clara,G,81.39,3
12,2021,Jalen Duren,Memphis,C,81.19,4
13,2021,Tari Eason,Louisiana State,F,80.39,4
14,2021,Julian Champagnie,St. John's (NY),G,73.06,4
15,2021,Jake Laravia,Wake Forest,G,71.87,4
16,2021,Jalen Johnson,Mercer,G,71.02,0
17,2021,Christian Koloko,Arizona,C,63.77,3
18,2021,Jeremy Sochan,Baylor,F,63.61,4
19,2021,Ochai Agbaji,Kansas,G,49.19,4
20,2021,Jabari Smith,Auburn,F,43.7,0
21,2021,Vince Williams Jr.,VCU,G,41.7,4
22,2021,Ron Harper Jr.,Rutgers,G,41.46,4
23,2021,Kameron McGusty,Miami (FL),G,41.38,0
24,2021,Alondes Williams,Wake Forest,G,34.62,3
25,2021,E.J. Liddell,Ohio State,F,34.41,3
26,2021,Kenneth Lofton Jr.,Louisiana Tech,F,33.93,2
27,2021,Efe Abogidi,Washington State,C,32.51,0
28,2021,Payton Willis,Minnesota,G,31.09,0
29,2021,Marcus Bingham,Michigan State,F,29.26,0
30,2021,Terrell Brown Jr.,Washington,G,28.53,0
31,2021,Orlando Robinson,Fresno State,F,28.38,4
32,2021,David Roddy,Colorado State,G,24.53,3
33,2021,Iverson Molinar,Mississippi State,G,22.64,0
34,2021,Kennedy Chandler,Tennessee,G,21.48,1
35,2021,Kendall Brown,Baylor,G,21.22,2
36,2021,Brady Manek,North Carolina,F,20.69,0
37,2021,Kofi Cockburn,Illinois,C,19.62,0
38,2021,JD Notae,Arkansas,G,19.51,0
39,2021,Nick Muszynski,Belmont,C,18.19,0
40,2021,Trevion Williams,Purdue,F,18.01,0
41,2021,Jabari Walker,Colorado,F,17.85,4
42,2021,Quenton Jackson,Texas A&M,G,17.02,4
43,2021,Johnny Davis,Wisconsin,G,16.95,3
44,2021,Hyunjung Lee,Davidson,G,16.45,0
45,2021,Michael Devoe,Georgia Tech,G,15.35,0
46,2021,Fatts Russell,Maryland,G,15.06,0
47,2021,David McCormack,Kansas,F,14.02,0
48,2021,AJ Griffin,Duke,F,13.69,2
49,2021,Bryson Williams,Texas Tech,F,13.19,0
50,2021,Gaige Prim,Missouri State,F,13.13,0
51,2021,Keon Ellis,Alabama,G,12.16,4
52,2021,Nate Watson,Providence,C,11.89,0
53,2021,Michael Weathers,SMU,G,11.85,0
54,2021,Jaylin Williams,Arkansas,F,11.79,0
55,2021,Moussa Diabate,Michigan,F,10.61,0
56,2021,Scotty Pippen Jr.,Vanderbilt,G,10.44,3
57,2021,Josh Minott,Memphis,G,9.97,4
58,2021,Wendell Moore Jr.,Duke,F,9.89,3
59,2021,Justin Lewis,Marquette,F,9.28,0
60,2021,Jared Rhoden,Seton Hall,G,9.08,3
61,2021,Andrew Jones,Texas,G,8.9,0
62,2021,Alonzo Verge Jr.,Nebraska,G,8.9,0
63,2021,Ricky Council IV,Wichita State,G,8.72,0
64,2021,Aminu Mohammed,Georgetown,G,8.19,0
65,2021,Collin Gillespie,Villanova,G,7.71,3
66,2021,Khalid Thomas,Portland State,F,7.03,0
67,2021,Garrison Brooks,Mississippi State,F,6.85,0
68,2021,Taze Moore,Houston,F,6.72,2
69,2021,Paul Scruggs,Xavier,G,6.71,0
70,2021,Malaki Branham,Ohio State,G,5.9,4
71,2021,Dereon Seabron,NC State,G,5.76,2
72,2021,Dalen Terry,Arizona,G,5.6,4
73,2021,Isaiah Whaley,Connecticut,F,5.46,0
74,2021,John Fulkerson,Tennessee,F,5.34,0
75,2021,Sasha Stefanovic,Purdue,G,4.79,0
76,2021,Alex Barcello,Brigham Young,G,4.63,0
77,2021,Malik Williams,Louisville,C,3.56,1
78,2021,Adonis Arms,Texas Tech,G,3.42,0
79,2021,Johnny Juzang,UCLA,G,3.21,4
80,2021,Kur Kuath,Marquette,F,2.94,0
81,2021,Anthony Polite,Florida State,G,2.66,0
82,2021,Tyrese Martin,Connecticut,G,2.62,3
83,2021,Tevin Brown,Murray State,G,2.61,0
84,2021,Jamaree Bouyea,San Francisco,G,2.59,3
85,2021,Jordan Goldwire,Oklahoma,G,2.59,0
86,2021,Charles Manning Jr.,South Alabama,G,2.51,0
87,2021,Kyler Edwards,Houston,G,2.49,0
88,2021,Josh Jefferson,Middle Tennessee,G,2.43,0
89,2021,Eli Brooks,Michigan,G,2.43,0
90,2021,R.J. Cole,Connecticut,G,2.43,0
91,2021,Teddy Allen,New Mexico State,F,2.36,0
92,2021,Eli Scott,Loyola Marymount,F,2.34,0
93,2021,Evan Battey,Colorado,F,2.25,0
94,2021,Phlandrous Fleming Jr.,Florida,G,2.18,0
95,2021,Davion Warren,Texas Tech,G,2.06,0
96,2021,Austin Phyfe,Northern Iowa,F,1.98,0
97,2021,Jamal Bieniemy,UTEP,G,1.85,0
98,2021,Fabian White Jr.,Houston,F,1.78,0
99,2021,Ben Shungu,Vermont,G,1.76,0
100,2021,JD Davison,Alabama,G,1.69,4
1,2022,Jarace Walker,Houston,F,93.44,3
2,2022,Brandon Miller,Alabama,F,92.83,3
3,2022,Jalen Wilson,Kansas,F,90.7,3
4,2022,Taylor Hendricks,UCF,F,90.55,3
5,2022,Trayce Jackson-Davis,Indiana,F,79.69,3
6,2022,Brandin Podziemski,Santa Clara,G,79.2,3
7,2022,Keyontae Johnson,Kansas State,F,72.9,1
8,2022,Jordan Hawkins,Connecticut,G,72.56,3
9,2022,Adama Sanogo,Connecticut,F,65.25,2
10,2022,Devin Carter,Providence,G,61.34,0
11,2022,Drew Timme,Gonzaga,F,60.75,1
12,2022,Brice Sensabaugh,Ohio State,F,59.2,3
13,2022,Kris Murray,Iowa,F,59.02,3
14,2022,Isaiah Wong,Miami (FL),G,55.76,2
15,2022,Matthew Mayer,Illinois,G,51.58,0
16,2022,Jaylen Clark,UCLA,G,50.46,2
17,2022,Kobe Brown,Missouri,F,50.35,3
18,2022,Gradey Dick,Kansas,G,49.89,3
19,2022,Azuolas Tubelis,Arizona,F,48.59,0
20,2022,JT Shumate,Toledo,F,47.62,0
21,2022,Jaime Jaquez Jr.,UCLA,G,46.22,3
22,2022,Marcus Sasser,Houston,G,46.21,2
23,2022,Kobe Bufkin,Michigan,G,45.3,2
24,2022,Jack Nunge,Xavier,F,44.12,0
25,2022,Justyn Mutts,Virginia Tech,F,43.62,0
26,2022,Landers Nolley II,Cincinnati,G,40.6,0
27,2022,Jalen Pickett,Penn State,G,37.34,3
28,2022,Cam Whitmore,Villanova,F,34.17,3
29,2022,Noah Clowney,Alabama,F,31.14,3
30,2022,Colby Jones,Xavier,G,29.37,3
31,2022,Craig Porter Jr.,Wichita State,G,27.76,3
32,2022,Amari Bailey,UCLA,G,27.29,1
33,2022,Amari Bailey,UCLA,G,27.29,0
34,2022,Mouhamed Gueye,Washington State,F,26.72,3
35,2022,Seth Lundy,Penn State,F,26.07,1
36,2022,Darius McGhee,Liberty,G,19.33,0
37,2022,Jacob Toppin,Kentucky,F,18.52,3
38,2022,Dereck Lively II,Duke,C,18.13,3
39,2022,Joey Hauser,Michigan State,F,17.49,0
40,2022,Manny Bates,Butler,F,16.94,0
41,2022,Cason Wallace,Kentucky,G,16.08,3
42,2022,C.J. Kelly,UCF,G,15.29,0
43,2022,Oscar Tshiebwe,Kentucky,F,15.17,2
44,2022,Timmy Allen,Texas,F,15.12,1
45,2022,Jett Howard,Michigan,G,15.05,3
46,2022,Keyonte George,Baylor,G,14.31,3
47,2022,Terquavion Smith,NC State,G,12.06,1
48,2022,Charles Bediako,Alabama,C,12.02,0
49,2022,Dwayne Cohill,Youngstown State,G,10.08,0
50,2022,Erik Stevenson,West Virginia,G,9.88,0
51,2022,D'Moi Hodge,Missouri,G,9.48,1
52,2022,Andre Jackson Jr.,Connecticut,G,9.42,3
53,2022,Khalil Shabazz,San Francisco,G,8.76,0
54,2022,Jordan Miller,Miami (FL),G,8.7,2
55,2022,Souley Boum,Xavier,G,8.5,0
56,2022,Markquis Nowell,Kansas State,G,8.24,1
57,2022,John Walker III,Texas Southern,F,7.83,0
58,2022,Osun Osunniyi,Iowa State,F,7.69,0
59,2022,Terrion Murdix,Texas A&M‚ÄìCorpus Christi,G,7.24,0
60,2022,Omari Moore,San Jose State,G,7.16,0
61,2022,Rudi Williams,Brigham Young,G,7.03,0
62,2022,Julian Phillips,Tennessee,F,6.85,3
63,2022,Zach Freemantle,Xavier,F,5.41,0
64,2022,Taevion Kinsey,Marshall,G,5.28,0
65,2022,Anthony Black,Arkansas,G,5.25,3
66,2022,Race Thompson,Indiana,F,5.12,0
67,2022,Mike Miles,TCU,G,4.76,0
68,2022,Matt Bradley,San Diego State,G,4.66,0
69,2022,Antoine Davis,Detroit Mercy,G,4.35,0
70,2022,Damion Baugh,TCU,G,4.34,1
71,2022,Tim Fuller,Utah Valley,F,4.31,0
72,2022,Pete Nance,North Carolina,F,4.12,2
73,2022,Frankie Collins,Arizona State,G,4.05,0
74,2022,Justice Sueing,Ohio State,F,3.9,0
75,2022,Christian Bishop,Texas,F,3.83,0
76,2022,Nate Laszewski,Notre Dame,F,3.75,0
77,2022,Jackson Stormo,Siena,C,3.48,0
78,2022,Jaylon Tyson,Texas Tech,G,3.47,0
79,2022,Will Richard,Florida,G,3.22,0
80,2022,Derrick Walker,Nebraska,F,3.2,0
81,2022,Kevin Obanor,Texas Tech,F,3.18,0
82,2022,Demarius Jacobs,Ball State,G,2.83,0
83,2022,Kendric Davis,Memphis,G,2.68,0
84,2022,Isaiah Moore,South Alabama,G,2.62,0
85,2022,Brevin Galloway,Clemson,G,2.52,0
86,2022,Greg Williams Jr.,Louisiana,G,2.46,0
87,2022,Sir'Jabari Rice,Texas,G,2.41,0
88,2022,Grant Sherfield,Oklahoma,G,2.3,0
89,2022,Desmond Cambridge Jr.,Arizona State,G,2.09,0
90,2022,Jamir Watkins,VCU,F,1.95,0
91,2022,Brandon Slater,Villanova,F,1.88,0
92,2022,Caleb McConnell,Rutgers,G,1.83,0
93,2022,Jordan Walsh,Arkansas,F,1.79,3
94,2022,Sincere Carry,Kent State,G,1.58,0
95,2022,Jalen Deloach,VCU,F,1.56,0
96,2022,Ricky Council IV,Arkansas,G,1.36,2
97,2022,Tyree Appleby,Wake Forest,G,1.34,0
98,2022,Maxwell Lewis,Pepperdine,F,1.31,2
99,2022,Chase Audige,Northwestern,G,1.17,0
100,2022,David Singleton,UCLA,G,1.14,0
1,2023,Donovan Clingan,Connecticut,C,91.19,2
2,2023,Reed Sheppard,Kentucky,G,87.61,2
3,2023,Kyle Filipowski,Duke,C,85.86,2
4,2023,Jaylin Williams,Auburn,F,83.89,4
5,2023,Jaylon Tyson,California,G,81.82,2
6,2023,Reece Beekman,Virginia,G,73.91,1
7,2023,Kel'el Ware,Indiana,C,73.18,2
8,2023,Jamal Shead,Houston,G,71.29,2
9,2023,Oso Ighodaro,Marquette,F,70.68,2
10,2023,Adem Bona,UCLA,F,64.55,2
11,2023,Jalen Bridges,Baylor,F,62.55,1
12,2023,Tyler Kolek,Marquette,G,62.22,2
13,2023,Jahmir Young,Maryland,G,58.2,2
14,2023,Kalib Boone,UNLV,F,56.78,0
15,2023,Devin Carter,Providence,G,56.23,2
16,2023,Kevin McCullar Jr.,Kansas,G,52.13,1
17,2023,Branden Carlson,Utah,C,51.24,2
18,2023,Yves Missi,Baylor,F,48.11,2
19,2023,Tristen Newton,Connecticut,G,44.94,1
20,2023,Zach Edey,Purdue,C,44.31,1
21,2023,KJ Simpson,Colorado,G,43.94,2
22,2023,Quinten Post,Boston College,F,43.72,2
23,2023,Carlton Carrington,Pittsburgh,G,37.32,0
24,2023,Daniss Jenkins,St. John's (NY),G,35.72,2
25,2023,Stephon Castle,Connecticut,G,30.86,2
26,2023,Tristan Da Silva,Colorado,F,30.1,2
27,2023,Tyreek Smith,SMU,F,28.86,0
28,2023,Isaiah Stevens,Colorado State,G,27.95,1
29,2023,Harrison Ingram,North Carolina,F,25.7,2
30,2023,Jaelen House,New Mexico,G,23.99,0
31,2023,Jared McCain,Duke,G,22.56,2
32,2023,DaRon Holmes II,Dayton,F,22.43,1
33,2023,Cam Spencer,Connecticut,G,20.85,2
34,2023,PJ Hall,Clemson,F,20.64,2
35,2023,Spencer Jones,Stanford,F,19.46,2
36,2023,Jameer Nelson Jr.,TCU,G,17.76,0
37,2023,N'Faly Dante,Oregon,C,17.32,2
38,2023,Jermaine Couisnard,Oregon,G,15.88,0
39,2023,Rienk Mast,Nebraska,F,15.53,0
40,2023,Ryan Dunn,Virginia,G,13.56,2
41,2023,Dylan Disu,Texas,F,13.03,0
42,2023,Terrence Shannon Jr.,Illinois,G,12.62,2
43,2023,Jonathan Mogbo,San Francisco,F,12.15,2
44,2023,Rayj Dennis,Baylor,G,11.57,2
45,2023,Johnny Furphy,Kansas,G,10.97,2
46,2023,Isaiah Crawford,Louisiana Tech,F,10.96,1
47,2023,Shahada Wells,McNeese State,G,9.69,0
48,2023,Darius Brown II,Utah State,G,9.19,0
49,2023,Jadon Jones,Long Beach State,G,9.17,0
50,2023,Shykeim Phillips,UNC Wilmington,G,9.1,0
51,2023,Malik Hall,Michigan State,F,8.86,0
52,2023,Armando Bacot,North Carolina,F,8.38,0
53,2023,Josiah-Jordan James,Tennessee,G,8.07,0
54,2023,Donta Scott,Maryland,F,7.94,0
55,2023,Boo Buie,Northwestern,G,7.85,0
56,2023,David Jones,Memphis,F,6.55,0
57,2023,Boogie Ellis,Southern California,G,6.35,0
58,2023,Tyrece Radford,Texas A&M,G,5.79,0
59,2023,Isaiah Collier,Southern California,G,5.7,2
60,2023,Jaylin Hunter,Ohio,G,5.58,0
61,2023,Rob Dillingham,Kentucky,G,5.28,2
62,2023,Brock Cunningham,Texas,F,5.15,0
63,2023,Pelle Larsson,Arizona,G,5.01,2
64,2023,Aaron Estrada,Alabama,G,4.44,0
65,2023,Quincy Olivari,Xavier,G,4.38,1
66,2023,Ja'Kobe Walter,Baylor,G,3.91,2
67,2023,Tolu Smith III,Mississippi State,F,3.76,0
68,2023,Jimmy Clark III,Duquesne,G,3.4,0
69,2023,Tyrese Samuel,Florida,F,3.39,0
70,2023,Keion Brooks Jr.,Washington,F,3.25,1
71,2023,Eric Gaines,UAB,G,3.15,0
72,2023,KiAndre Gaddy,Tarleton State,F,3.11,0
73,2023,Jaden Campbell,Samford,G,2.96,0
74,2023,Olivier Nkamhoua,Michigan,F,2.94,0
75,2023,Ta'Lon Cooper,South Carolina,G,2.8,0
76,2023,Julien Wooden,James Madison,F,2.78,0
77,2023,Clifford Omoruyi,Rutgers,C,2.72,0
78,2023,Jamir Chaplin,Little Rock,G,2.71,0
79,2023,Xavier Johnson,Southern Illinois,G,2.66,0
80,2023,Cobe Williams,Tulsa,G,2.46,0
81,2023,Tyson Walker,Michigan State,G,2.43,0
82,2023,Koren Johnson,Washington,G,2.4,0
83,2023,Jesse Edwards,West Virginia,C,2.37,1
84,2023,Kobe Langley,UNC Greensboro,G,2.33,0
85,2023,Anton Watson,Gonzaga,F,2.23,1
86,2023,Emanuel Miller,TCU,F,2.14,1
87,2023,Makhi Mitchell,Arkansas,F,2.02,0
88,2023,Keshad Johnson,Arizona,F,1.99,2
89,2023,Trey Alexander,Creighton,G,1.98,1
90,2023,Marcus Domask,Illinois,F,1.98,0
91,2023,Keisei Tominaga,Nebraska,G,1.97,0
92,2023,Antonio Reeves,Kentucky,G,1.9,1
93,2023,Cole Bajema,Utah,G,1.88,0
94,2023,Spencer Johnson,Brigham Young,G,1.84,0
95,2023,D.J. Burns Jr.,NC State,F,1.74,0
96,2023,Tae Hardy,UTEP,G,1.7,0
97,2023,Cody Williams,Colorado,F,1.67,2
98,2023,Donovan Gregory,Appalachian State,G,1.64,0
99,2023,Jalen Graham,Arkansas,F,1.5,0
100,2023,Caleb Fields,Fairfield,G,1.45,0
1,2024,V.J. Edgecombe,Baylor,G,95.96,1
2,2024,Asa Newell,Georgia,F,92.52,1
3,2024,Ryan Kalkbrenner,Creighton,C,90.6,1
4,2024,Jase Richardson,Michigan State,G,86.76,1
5,2024,Cooper Flagg,Duke,F,84.21,1
6,2024,Khaman Maluach,Duke,C,79.94,0
7,2024,Thomas Sorber,Georgetown,F,78.93,1
8,2024,Chad Baker-Mazara,Auburn,G,77.9,0
9,2024,Javon Small,West Virginia,G,77.77,1
10,2024,Walter Clayton Jr.,Florida,G,74.41,1
11,2024,Dylan Harper,Rutgers,G,73.35,1
12,2024,Dillon Mitchell,Cincinnati,F,72.56,0
13,2024,Collin Murray-Boyles,South Carolina,F,67.34,1
14,2024,Derik Queen,Maryland,C,66.41,1
15,2024,Kadary Richmond,St. John's (NY),G,64.26,0
16,2024,RJ Luis,St. John's (NY),G,61.25,0
17,2024,Danny Wolf,Michigan,F,59.72,1
18,2024,Chase Hunter,Clemson,G,56.42,0
19,2024,Zach Freemantle,Xavier,F,55.09,0
20,2024,Henri Veesaar,Arizona,F,48.94,0
21,2024,Hunter Dickinson,Kansas,C,48.81,1
22,2024,Dailyn Swain,Xavier,F,48.69,0
23,2024,Amael L'Etang,Dayton,F,46.0,0
24,2024,Christoph Tilly,Santa Clara,C,45.71,0
25,2024,Hunter Sallis,Wake Forest,G,44.86,1
26,2024,Juwan Gary,Nebraska,F,44.15,0
27,2024,Maxime Raynaud,Stanford,F,42.44,1
28,2024,Steven Crowl,Wisconsin,F,42.28,0
29,2024,Matt Cross,SMU,F,41.53,0
30,2024,Deivon Smith,St. John's (NY),G,40.15,0
31,2024,Eric Dailey Jr.,UCLA,F,36.49,0
32,2024,Fousseyni Traore,Brigham Young,F,32.61,0
33,2024,Morez Johnson Jr.,Illinois,F,32.43,0
34,2024,Nolan Winter,Wisconsin,F,31.55,0
35,2024,Jaxon Kohler,Michigan State,F,28.97,0
36,2024,Viktor Lakhin,Clemson,F,27.9,0
37,2024,J'Wan Roberts,Houston,F,27.08,0
38,2024,Jamir Watkins,Florida State,F,26.99,1
39,2024,Dain Dainja,Memphis,F,26.58,0
40,2024,Kobe Johnson,UCLA,F,25.44,0
41,2024,Mouhamed Dioubate,Alabama,F,24.84,0
42,2024,Mark Mitchell,Missouri,F,24.36,0
43,2024,Jeremiah Fears,Oklahoma,G,23.56,1
44,2024,Airious Bailey,Rutgers,G,23.09,0
45,2024,PJay Smith,Furman,G,23.0,0
46,2024,Payton Sandfort,Iowa,G,22.63,0
47,2024,Malik Reneau,Indiana,F,22.59,0
48,2024,Dawson Garcia,Minnesota,F,21.39,0
49,2024,Kameron Jones,Marquette,G,21.08,0
50,2024,Vladislav Goldin,Michigan,F,20.27,0
51,2024,RJ Davis,North Carolina,G,19.62,0
52,2024,Zakai Zeigler,Tennessee,G,18.46,0
53,2024,Moustapha Thiam,UCF,C,18.36,0
54,2024,Emanuel Sharp,Houston,G,18.07,0
55,2024,Johni Broome,Auburn,F,17.9,1
56,2024,Tyler Bilodeau,UCLA,F,17.83,0
57,2024,Stevie Mitchell,Marquette,G,17.6,0
58,2024,Devin McGlockton,Vanderbilt,F,15.7,0
59,2024,Liam McNeeley,Connecticut,F,15.5,1
60,2024,Solomon Ball,Connecticut,G,15.11,0
61,2024,Caleb Love,Arizona,G,14.67,1
62,2024,Arthur Kaluma,Texas,F,14.56,0
63,2024,Miles Byrd,San Diego State,G,14.5,0
64,2024,KJ Lewis,Arizona,G,13.99,0
65,2024,Labaron Philon,Alabama,G,13.93,0
66,2024,Flory Bidunga,Kansas,F,13.72,0
67,2024,Eric Dixon,Villanova,F,13.66,0
68,2024,Tre Johnson,Texas,G,13.58,1
69,2024,Egor Demin,Brigham Young,G,13.48,0
70,2024,Nique Clifford,Colorado State,G,13.16,1
71,2024,Joseph Pinion,Arkansas State,G,13.14,0
72,2024,Caleb Grill,Missouri,G,12.94,0
73,2024,Anthony Robinson II,Missouri,G,12.89,0
74,2024,Chaney Johnson,Auburn,G,12.03,0
75,2024,Kasparas Jakucionis,Illinois,G,11.77,0
76,2024,Tobe Awaka,Arizona,F,11.42,0
77,2024,Joseph Tugler,Houston,F,11.36,0
78,2024,T.J. Weeks Jr.,Rider,G,11.1,0
79,2024,Terrance Arceneaux,Houston,G,10.26,0
80,2024,Connor Turnbull,Evansville,F,10.21,0
81,2024,Adou Thiero,Arkansas,G,10.12,0
82,2024,Will Riley,Illinois,F,9.61,1
83,2024,Amari Williams,Kentucky,F,9.54,1
84,2024,Tamar Bates,Missouri,G,9.07,0
85,2024,Brice Williams,Nebraska,G,9.04,0
86,2024,Carter Bryant,Arizona,G,9.03,1
87,2024,Will Richard,Florida,G,9.01,1
88,2024,Kon Knueppel,Duke,G,8.82,1
89,2024,Pharrel Payne,Texas A&M,F,8.5,0
90,2024,Patrick Ngongba,Duke,C,8.5,0
91,2024,Coleman Hawkins,Kansas State,F,8.49,0
92,2024,Joe Anderson,Lipscomb,G,8.25,0
93,2024,Steven Ashworth,Creighton,G,8.1,0
94,2024,Coen Carr,Michigan State,F,7.88,0
95,2024,Keba Keita,Brigham Young,C,7.38,0
96,2024,Kobe Sanders,Nevada,G,7.27,1
97,2024,Zvonimir Ivisic,Arkansas,F,7.13,0
98,2024,Tre White,Illinois,G,7.03,0
99,2024,Tamin Lipsey,Iowa State,G,7.02,0
100,2024,Sincere Parker,McNeese State,G,6.88,0
