Season_Year,Player,Team,Pred_Stick_Proba,NBA_Ready_Score,NBA_YOS
2015,Jaylen Brown,California,0.9659,4.968,10
2015,Buddy Hield,Oklahoma,0.9656,5.697,10
2015,Dejounte Murray,Washington,0.9629,4.893,8
2015,Jamal Murray,Kentucky,0.9614,6.395,9
2015,Jakob Poeltl,Utah,0.94,6.356,10
2015,Ben Simmons,Louisiana State,0.9188,5.898,7
2015,Kris Dunn,Providence,0.9028,6.227,10
2015,Malcolm Brogdon,Virginia,0.8625,4.884,9
2015,Brandon Ingram,Duke,0.8417,4.984,10
2015,Pascal Siakam,New Mexico State,0.8221,4.566,10
2015,Domantas Sabonis,Gonzaga,0.7937,4.459,10
2015,Alex Caruso,Texas A&M,0.7251,4.409,9
2015,Kyle Wiltjer,Gonzaga,0.678,5.156,1
2015,Michael Gbinije,Syracuse,0.6734,4.945,1
2015,Dorian Finney-Smith,Florida,0.6593,4.618,9
2015,Marcus Georges-Hunt,Georgia Tech,0.6149,6.481,2
2015,DeAndre Bembry,Saint Joseph's,0.6062,4.165,0
2015,Malik Beasley,Florida State,0.5954,5.301,9
2015,Perry Ellis,Kansas,0.5877,5.189,0
2015,Kyle Collinsworth,Brigham Young,0.5872,5.544,1
2015,A.J. Hammons,Purdue,0.574,4.843,0
2015,Robert Carter,Maryland,0.5524,5.003,0
2015,Brice Johnson,North Carolina,0.5355,5.691,2
2015,Retin Obasohan,Alabama,0.5071,5.337,0
2015,Gabe York,Arizona,0.4697,3.332,2
2015,Isaiah Whitehead,Seton Hall,0.4588,5.26,2
2015,Fred VanVleet,Wichita State,0.4491,3.261,9
2015,Troy Williams,Indiana,0.4376,4.64,3
2015,Wade Baldwin IV,Vanderbilt,0.4193,5.476,3
2015,Sheldon McClellan,Miami (FL),0.4127,4.976,0
2015,Jaysean Paige,West Virginia,0.3834,4.61,1
2015,Caris LeVert,Michigan,0.3645,4.024,10
2015,Tyler Ulis,Kentucky,0.3615,5.603,3
2015,Marquese Chriss,Washington,0.3102,4.961,6
2015,Taurean Prince,Baylor,0.2994,4.109,10
2015,Denzel Valentine,Michigan State,0.297,7.355,5
2015,Demetrius Jackson,Notre Dame,0.265,4.621,3
2015,Jarrod Uthoff,Iowa,0.2644,6.316,2
2015,Gary Payton II,Oregon State,0.2642,4.526,10
2015,Georges Niang,Iowa State,0.2549,5.176,9
2015,Kevin Punter,Tennessee,0.2202,5.561,0
2015,Wayne Selden Jr.,Kansas,0.2157,4.529,0
2015,Julian Jacobs,Southern California,0.2114,4.007,0
2015,Josh Scott,Colorado,0.2047,4.51,0
2015,Danuel House,Texas A&M,0.2014,3.79,0
2015,Diamond Stone,Maryland,0.1999,4.79,1
2015,Isaiah Taylor,Texas,0.1958,4.505,2
2015,Deyonta Davis,Michigan State,0.1895,4.724,3
2015,Malachi Richardson,Syracuse,0.1851,4.177,3
2015,Patrick McCaw,UNLV,0.1708,4.353,5
2016,Jayson Tatum,Duke,0.9836,6.011,8
2016,Zach Collins,Gonzaga,0.9682,5.95,7
2016,Lauri Markkanen,Arizona,0.9507,5.967,9
2016,OG Anunoby,Indiana,0.9461,4.911,9
2016,Donovan Mitchell,Louisville,0.9423,5.943,9
2016,Malik Monk,Kentucky,0.9291,5.406,9
2016,Lonzo Ball,UCLA,0.9221,7.438,7
2016,Jarrett Allen,Texas,0.9198,5.028,9
2016,Josh Hart,Villanova,0.9139,4.992,9
2016,Derrick White,Colorado,0.9123,6.281,9
2016,Josh Jackson,Kansas,0.9062,5.284,5
2016,John Collins,Wake Forest,0.9051,6.487,9
2016,Bam Adebayo,Kentucky,0.902,5.856,9
2016,De'Anthony Melton,Southern California,0.8987,5.509,7
2016,Markelle Fultz,Washington,0.8731,6.035,8
2016,Dillon Brooks,Oregon,0.8628,4.476,9
2016,Luke Kennard,Duke,0.8507,4.763,9
2016,Dennis Smith Jr.,NC State,0.8403,5.264,7
2016,Derrick Walton Jr.,Michigan,0.8199,6.165,3
2016,De'Aaron Fox,Kentucky,0.8151,5.154,8
2016,Devin Robinson,Florida,0.7757,4.077,2
2016,Cameron Oliver,Nevada,0.7571,3.313,2
2016,Justin Jackson,North Carolina,0.6324,5.092,0
2016,Jamel Artis,Pittsburgh,0.5791,4.985,1
2016,Kyle Kuzma,Utah,0.5551,3.923,9
2016,Monte Morris,Iowa State,0.5418,5.358,0
2016,Luke Kornet,Vanderbilt,0.5225,3.633,9
2016,Isaiah Briscoe,Kentucky,0.4688,4.799,1
2016,Eric Mika,Brigham Young,0.4509,4.294,1
2016,Marquise Moore,George Mason,0.4329,4.745,0
2016,Tyler Lydon,Syracuse,0.3991,5.079,2
2016,D.J. Wilson,Michigan,0.3759,4.308,6
2016,TJ Leaf,UCLA,0.3463,6.097,0
2016,Jawun Evans,Oklahoma State,0.2897,6.092,2
2016,Davon Reed,Miami (FL),0.2735,4.16,4
2016,Semi Ojeleye,SMU,0.2714,5.226,5
2016,Ivan Rabb,California,0.2621,4.817,2
2016,Edmond Sumner,Xavier,0.2615,5.704,5
2016,Jonathan Isaac,Florida State,0.2514,6.096,7
2016,Thomas Bryant,Indiana,0.2262,4.968,9
2016,Tarik Phillip,West Virginia,0.225,4.028,0
2016,Johnathan Motley,Baylor,0.2078,5.01,3
2016,Malcolm Hill,Illinois,0.2018,5.451,2
2016,Michael Young,Pittsburgh,0.1989,5.33,0
2016,Sindarius Thornwell,South Carolina,0.1901,5.273,4
2016,Dylan Ennis,Oregon,0.1884,3.196,0
2016,Tony Bradley,North Carolina,0.1815,4.731,8
2016,PJ Dozier,South Carolina,0.1687,4.69,7
2016,Isaiah Hicks,North Carolina,0.1568,3.689,2
2016,Andrew White III,Syracuse,0.1521,3.764,1
2017,Wendell Carter Jr.,Duke,0.9718,7.011,8
2017,Shai Gilgeous-Alexander,Kentucky,0.9605,6.952,8
2017,Marvin Bagley III,Duke,0.9471,6.322,8
2017,Kevin Huerter,Maryland,0.9464,5.598,8
2017,Deandre Ayton,Arizona,0.939,4.927,8
2017,Donte DiVincenzo,Villanova,0.9346,6.068,8
2017,Khyri Thomas,Creighton,0.8701,4.939,3
2017,Jaren Jackson Jr.,Michigan State,0.8613,6.477,8
2017,Jalen Brunson,Villanova,0.8601,4.815,8
2017,Bruce Brown,Miami (FL),0.857,4.519,8
2017,Zhaire Smith,Texas Tech,0.8481,6.285,2
2017,Elijah Bryant,Brigham Young,0.8381,4.032,1
2017,Trae Young,Oklahoma,0.8351,8.11,8
2017,Tony Carr,Penn State,0.8261,4.668,0
2017,Cameron Johnson,College of Charleston,0.8243,2.029,0
2017,Gary Trent Jr.,Duke,0.7725,5.134,8
2017,Miles Bridges,Michigan State,0.7664,4.877,7
2017,Mikal Bridges,Villanova,0.7583,4.743,8
2017,Devonte' Graham,Kansas,0.6667,5.192,6
2017,Collin Sexton,Alabama,0.6665,4.47,8
2017,Michael Porter Jr.,Missouri,0.5621,5.118,7
2017,Vince Edwards,Purdue,0.5589,4.494,0
2017,Deng Adel,Louisville,0.5501,4.027,1
2017,Jevon Carter,West Virginia,0.5382,5.686,8
2017,Josh Okogie,Georgia Tech,0.5068,5.228,8
2017,Kendrick Nunn,Oakland,0.4932,3.811,3
2017,Jacob Evans,Cincinnati,0.4925,4.768,2
2017,Jontay Porter,Missouri,0.4834,6.117,2
2017,Grayson Allen,Duke,0.4738,4.774,8
2017,Andrew Rowsey,Marquette,0.4522,5.705,0
2017,DJ Hogg,Texas A&M,0.4274,3.884,0
2017,Theo Pinson,North Carolina,0.4081,4.431,5
2017,Jemerrio Jones,New Mexico State,0.3927,2.331,2
2017,Keenan Evans,Texas Tech,0.3844,6.404,0
2017,Malik Newman,Kansas,0.3712,5.189,2
2017,Marcus Derrickson,Georgetown,0.3594,3.943,1
2017,Kevin Knox,Kentucky,0.3475,3.871,0
2017,Desi Rodriguez,Seton Hall,0.3446,4.108,0
2017,Dakota Mathias,Purdue,0.3245,4.426,2
2017,Gabe DeVoe,Clemson,0.3158,3.513,0
2017,Jerome Robinson,Boston College,0.3129,5.3,4
2017,Landry Shamet,Wichita State,0.2987,5.043,8
2017,Robert Gray Jr.,Houston,0.288,5.103,0
2017,Rawle Alkins,Arizona,0.2864,4.394,1
2017,Tyler Davis,Texas A&M,0.2788,4.402,1
2017,Shake Milton,SMU,0.2749,4.41,7
2017,Allonzo Trier,Arizona,0.2656,4.552,2
2017,Gary Clark,Cincinnati,0.2655,4.457,4
2017,Isaac Haas,Purdue,0.2584,3.947,0
2017,Omari Spellman,Villanova,0.2529,5.079,2
2018,Nickeil Alexander-Walker,Virginia Tech,0.9786,6.106,7
2018,De'Andre Hunter,Virginia,0.9783,5.987,7
2018,Tyler Herro,Kentucky,0.9703,6.129,6
2018,Coby White,North Carolina,0.9532,5.848,6
2018,Luguentz Dort,Arizona State,0.9111,4.596,7
2018,Ignas Brazdeikis,Michigan,0.9074,5.579,3
2018,Naz Reid,Louisiana State,0.9067,4.427,7
2018,Ja Morant,Murray State,0.8934,6.245,7
2018,Rui Hachimura,Gonzaga,0.8882,5.09,7
2018,Brandon Clarke,Gonzaga,0.8858,5.457,6
2018,Louis King,Oregon,0.885,4.417,4
2018,Daniel Gafford,Arkansas,0.8643,5.631,7
2018,Jordan Poole,Michigan,0.8605,4.469,7
2018,Jaylen Hoard,Wake Forest,0.851,4.218,3
2018,Zion Williamson,Duke,0.8477,5.415,6
2018,Darius Garland,Vanderbilt,0.7778,4.839,7
2018,Keldon Johnson,Kentucky,0.7764,5.263,7
2018,Quinndary Weatherspoon,Mississippi State,0.6667,5.057,3
2018,Kevin Porter Jr.,Southern California,0.6385,4.158,6
2018,Cam Reddish,Duke,0.6312,4.768,6
2018,Mfiondu Kabengele,Florida State,0.5408,5.341,3
2018,Shamorie Ponds,St. John's (NY),0.4671,5.617,1
2018,Bennie Boatwright,Southern California,0.4478,4.52,0
2018,Ethan Happ,Wisconsin,0.4384,5.521,0
2018,Marial Shayok,Iowa State,0.4277,4.774,1
2018,Lindell Wigginton,Iowa State,0.3843,4.862,3
2018,Romeo Langford,Indiana,0.3814,5.362,4
2018,Jarrett Culver,Texas Tech,0.3643,7.198,4
2018,Ty Jerome,Virginia,0.3617,5.61,6
2018,Terence Davis,Ole Miss,0.3583,4.17,5
2018,Nassir Little,North Carolina,0.3543,4.484,5
2018,Dylan Windler,Belmont,0.3273,4.69,4
2018,R.J. Barrett,Duke,0.3242,5.828,0
2018,Jordan Murphy,Minnesota,0.3092,4.407,0
2018,Tremont Waters,Louisiana State,0.3009,6.156,3
2018,Kezie Okpala,Stanford,0.2889,3.845,0
2018,Jaxson Hayes,Texas,0.2878,5.703,7
2018,PJ Washington,Kentucky,0.2849,6.313,0
2018,Grant Williams,Tennessee,0.2825,5.229,6
2018,Juwan Morgan,Indiana,0.2798,4.984,3
2018,Isaiah Pineiro,San Diego,0.279,4.223,0
2018,Dererk Pardon,Northwestern,0.2766,3.683,0
2018,Dedric Lawson,Kansas,0.2593,6.057,0
2018,Anthony Lawrence Jr.,Miami (FL),0.2541,4.342,0
2018,Bruno Fernando,Maryland,0.2475,6.514,6
2018,Carsen Edwards,Purdue,0.2402,7.33,3
2018,Dean Wade,Kansas State,0.2155,4.05,7
2018,Kerwin Roach Jr.,Texas,0.2103,4.305,0
2018,Ky Bowman,Boston College,0.2078,5.037,1
2018,Jeremiah Martin,Memphis,0.1987,4.439,2
2019,Tre Jones,Duke,0.9747,5.593,6
2019,Onyeka Okongwu,Southern California,0.967,6.508,6
2019,Tyrese Maxey,Kentucky,0.9384,4.553,6
2019,Tyrese Haliburton,Iowa State,0.9214,6.43,5
2019,Obi Toppin,Dayton,0.9188,4.547,6
2019,Cole Anthony,North Carolina,0.9097,5.45,6
2019,Saddiq Bey,Villanova,0.893,5.159,5
2019,Jalen Johnson,Tennessee,0.8925,2.011,0
2019,Payton Pritchard,Oregon,0.8925,5.992,6
2019,Devin Vassell,Florida State,0.8325,5.232,6
2019,Precious Achiuwa,Memphis,0.8239,3.972,6
2019,Jaden McDaniels,Washington,0.8062,4.39,6
2019,Desmond Bane,TCU,0.7938,4.366,6
2019,Jordan Nwora,Louisville,0.7619,5.063,4
2019,Vernon Carey Jr.,Duke,0.7485,7.0,3
2019,Elijah Hughes,Syracuse,0.7166,4.801,2
2019,Anthony Cowan,Maryland,0.7029,4.688,0
2019,Immanuel Quickley,Kentucky,0.7026,4.835,6
2019,Patrick Williams,Florida State,0.6897,4.694,6
2019,Isaiah Stewart,Washington,0.6895,5.819,6
2019,Cameron McGriff,Oklahoma State,0.6819,2.521,1
2019,Josh Green,Arizona,0.6711,4.971,5
2019,Zeke Nnaji,Arizona,0.6612,5.933,6
2019,Skylar Mays,Louisiana State,0.6391,4.606,4
2019,Daniel Oturu,Minnesota,0.6383,5.512,2
2019,Cassius Stanley,Duke,0.6151,4.702,2
2019,Reggie Perry,Mississippi State,0.5841,6.195,2
2019,Isaac Okoro,Auburn,0.5597,5.174,6
2019,Anthony Edwards,Georgia,0.5098,4.953,6
2019,Isiaha Mike,SMU,0.4915,4.408,0
2019,Xavier Tillman,Michigan State,0.4611,5.239,6
2019,Brandon Robinson,North Carolina,0.4597,3.24,0
2019,Malik Fitts,St. Mary's (CA),0.4455,4.773,2
2019,Ty-Shon Alexander,Creighton,0.4345,4.775,1
2019,Jake Toolson,Brigham Young,0.432,4.222,0
2019,Nathan Knight,William & Mary,0.4233,4.59,3
2019,Emmitt Williams,Louisiana State,0.4002,4.745,0
2019,Ashton Hagans,Kentucky,0.39,5.203,2
2019,Kaleb Wesson,Ohio State,0.3692,5.207,0
2019,CJ Elleby,Washington State,0.3572,3.699,2
2019,Zavier Simpson,Michigan,0.3463,4.372,2
2019,Robert Woodard,Mississippi State,0.3214,4.416,0
2019,Jahmi'us Ramsey,Texas Tech,0.3205,5.043,3
2019,Naji Marshall,Xavier,0.3151,4.667,6
2019,Malachi Flynn,San Diego State,0.3025,4.809,5
2019,Devon Dotson,Kansas,0.2786,6.376,3
2019,Aaron Nesmith,Vanderbilt,0.2617,4.936,6
2019,Trent Forrest,Florida State,0.2549,4.378,4
2019,Kristian Doolittle,Oklahoma,0.2424,3.749,0
2019,Cassius Winston,Michigan State,0.2414,5.384,2
2020,Jalen Suggs,Gonzaga,0.9523,6.206,5
2020,Scottie Barnes,Florida State,0.9365,6.172,5
2020,Quentin Grimes,Houston,0.928,5.271,5
2020,Cade Cunningham,Oklahoma State,0.9206,7.003,5
2020,Trey Murphy III,Virginia,0.8868,3.717,5
2020,Evan Mobley,Southern California,0.8807,7.031,5
2020,Davion Mitchell,Baylor,0.8789,5.661,5
2020,Ayo Dosunmu,Illinois,0.8263,5.903,5
2020,Tre Mann,Florida,0.8036,5.195,5
2020,Raiquan Gray,Florida State,0.7974,4.301,2
2020,Aaron Wiggins,Maryland,0.7554,4.159,5
2020,Franz Wagner,Michigan,0.7543,5.455,5
2020,Nah'Shon Hyland,VCU,0.6913,4.873,0
2020,Santi Aldama,Loyola (MD),0.6686,3.478,5
2020,Balsa Koprivica,Florida State,0.6659,3.918,0
2020,Jaden Springer,Tennessee,0.6528,5.539,4
2020,Mac McClung,Texas Tech,0.6348,3.59,4
2020,Miles McBride,West Virginia,0.6314,5.782,5
2020,Isaiah Livers,Michigan,0.5485,3.93,4
2020,Kai Jones,Texas,0.5406,4.414,3
2020,Jared Butler,Baylor,0.5117,6.116,4
2020,Herb Jones,Alabama,0.4787,4.712,0
2020,McKinley Wright IV,Colorado,0.4425,5.14,2
2020,Aaron Henry,Michigan State,0.4032,4.989,1
2020,Neemias Queta,Utah State,0.4011,4.708,5
2020,Joe Wieskamp,Iowa,0.3914,4.82,2
2020,Austin Reaves,Oklahoma,0.3895,4.654,5
2020,James Bouknight,Connecticut,0.3782,5.331,3
2020,Eugene Omoruyi,Oregon,0.3505,4.303,3
2020,Chris Duarte,Oregon,0.3354,5.097,4
2020,Kyle Young,Ohio State,0.3287,2.623,0
2020,Micah Potter,Wisconsin,0.3174,4.509,4
2020,Charles Bassey,Western Kentucky,0.2961,4.201,5
2020,Justin Champagnie,Pittsburgh,0.2907,4.599,5
2020,Jeremiah Robinson-Earl,Villanova,0.2767,4.631,5
2020,DJ Steward,Duke,0.2736,4.518,0
2020,D.J. Carton,Marquette,0.2296,4.94,2
2020,Aamir Simms,Clemson,0.2258,4.232,0
2020,JT Thor,Auburn,0.2185,4.402,4
2020,Day'Ron Sharpe,North Carolina,0.206,5.85,5
2020,Josh Christopher,Arizona State,0.205,3.971,3
2020,Dejon Jarreau,Houston,0.2025,4.144,2
2020,Luka Garza,Iowa,0.1959,4.575,5
2020,Matthew Hurt,Duke,0.1863,5.223,0
2020,Keon Johnson,Tennessee,0.1763,4.142,4
2020,Joel Ayayi,Gonzaga,0.1592,4.178,1
2020,Alan Griffin,Syracuse,0.1582,4.711,0
2020,Oscar Da Silva,Stanford,0.1369,4.801,0
2020,Matt Haarms,Brigham Young,0.135,4.036,0
2020,Cameron Krutwig,Loyola Chicago,0.1291,3.355,0
2021,Paolo Banchero,Duke,0.9689,6.411,4
2021,Chet Holmgren,Gonzaga,0.9601,5.947,3
2021,Jaden Ivey,Purdue,0.9476,5.79,3
2021,Jake Laravia,Wake Forest,0.9331,5.369,4
2021,Christian Braun,Kansas,0.9304,5.297,4
2021,Jeremy Sochan,Baylor,0.9214,5.281,4
2021,Mark Williams,Duke,0.9192,5.793,4
2021,Walker Kessler,Auburn,0.8888,5.186,4
2021,Bennedict Mathurin,Arizona,0.8487,5.408,4
2021,Jalen Duren,Memphis,0.8323,4.438,4
2021,Isaiah Mobley,Southern California,0.792,4.479,3
2021,Tari Eason,Louisiana State,0.77,4.967,4
2021,Keegan Murray,Iowa,0.693,5.683,3
2021,Kenneth Lofton Jr.,Louisiana Tech,0.6704,4.899,2
2021,David Roddy,Colorado State,0.6646,5.2,3
2021,Trevion Williams,Purdue,0.633,5.496,0
2021,Christian Koloko,Arizona,0.6203,5.236,3
2021,Jalen Williams,Santa Clara,0.6015,3.569,3
2021,AJ Griffin,Duke,0.5594,5.209,2
2021,Ron Harper Jr.,Rutgers,0.5365,3.755,4
2021,Ochai Agbaji,Kansas,0.5354,4.832,4
2021,Josh Minott,Memphis,0.5221,3.741,4
2021,Kennedy Chandler,Tennessee,0.5138,6.37,1
2021,E.J. Liddell,Ohio State,0.5115,6.068,3
2021,Jacob Gilyard,Richmond,0.5002,3.158,2
2021,Keve Aluma,Virginia Tech,0.4986,4.436,0
2021,TyTy Washington Jr.,Kentucky,0.4876,5.403,3
2021,Julian Champagnie,St. John's (NY),0.4677,3.863,4
2021,Jermaine Samuels,Villanova,0.4385,3.776,0
2021,Keon Ellis,Alabama,0.4276,4.395,4
2021,Jaylin Williams,Arkansas,0.4031,4.783,0
2021,Kendall Brown,Baylor,0.4016,5.379,2
2021,Alondes Williams,Wake Forest,0.3816,4.723,3
2021,JD Davison,Alabama,0.3794,5.849,4
2021,Tevin Brown,Murray State,0.3785,3.654,0
2021,Jamaree Bouyea,San Francisco,0.3589,3.884,3
2021,Brady Manek,North Carolina,0.3586,4.518,0
2021,Jalen Johnson,Mercer,0.356,0.413,0
2021,Orlando Robinson,Fresno State,0.3405,5.316,4
2021,Quenton Jackson,Texas A&M,0.3327,5.019,4
2021,Johnny Davis,Wisconsin,0.3225,5.605,3
2021,JD Notae,Arkansas,0.3032,4.197,0
2021,Payton Willis,Minnesota,0.3004,4.117,0
2021,Wendell Moore Jr.,Duke,0.2886,5.108,3
2021,Vince Williams Jr.,VCU,0.2804,3.934,4
2021,Kofi Cockburn,Illinois,0.2603,5.173,0
2021,Justin Lewis,Marquette,0.2601,4.012,0
2021,Kameron McGusty,Miami (FL),0.2439,3.6,0
2021,Jabari Walker,Colorado,0.2427,5.082,4
2021,Paul Atkinson,Notre Dame,0.2187,3.275,0
2022,Brandon Miller,Alabama,0.96,7.146,3
2022,Cason Wallace,Kentucky,0.9261,5.783,3
2022,Anthony Black,Arkansas,0.9078,5.841,3
2022,Keyonte George,Baylor,0.8842,5.766,3
2022,Dereck Lively II,Duke,0.8322,4.842,3
2022,Will Richard,Florida,0.8296,4.007,0
2022,Marcus Bagley,Arizona State,0.8271,3.584,1
2022,Brandin Podziemski,Santa Clara,0.8011,5.871,3
2022,Trayce Jackson-Davis,Indiana,0.7098,5.277,3
2022,Jaime Jaquez Jr.,UCLA,0.6159,4.85,3
2022,Kobe Bufkin,Michigan,0.6056,4.78,2
2022,Drew Timme,Gonzaga,0.5886,4.836,1
2022,Toumani Camara,Dayton,0.5336,2.864,3
2022,Sir'Jabari Rice,Texas,0.5291,3.887,0
2022,Jarace Walker,Houston,0.5275,5.504,3
2022,Noah Clowney,Alabama,0.48,5.182,3
2022,Kobe Brown,Missouri,0.4712,4.465,3
2022,Brice Sensabaugh,Ohio State,0.4078,6.438,3
2022,Adama Sanogo,Connecticut,0.4018,5.892,2
2022,Gradey Dick,Kansas,0.3728,5.328,3
2022,C.J. Kelly,UCF,0.3699,4.062,0
2022,Devin Carter,Providence,0.3642,4.653,0
2022,Taylor Hendricks,UCF,0.34,5.51,3
2022,Jordan Hawkins,Connecticut,0.3391,5.16,3
2022,Azuolas Tubelis,Arizona,0.318,5.689,0
2022,Justyn Mutts,Virginia Tech,0.3101,4.356,0
2022,Jalen Pickett,Penn State,0.3055,5.411,3
2022,Jalen Wilson,Kansas,0.2975,4.766,3
2022,Osun Osunniyi,Iowa State,0.2894,3.687,0
2022,Oscar Tshiebwe,Kentucky,0.2681,5.003,2
2022,Isaiah Wong,Miami (FL),0.2571,3.868,2
2022,Desmond Cambridge Jr.,Arizona State,0.253,3.593,0
2022,Kris Murray,Iowa,0.2486,4.652,3
2022,Matthew Mayer,Illinois,0.2284,3.55,0
2022,Mike Miles,TCU,0.2145,4.454,0
2022,Zach Freemantle,Xavier,0.2127,3.776,0
2022,Souley Boum,Xavier,0.2055,3.657,0
2022,Colby Jones,Xavier,0.1898,4.765,3
2022,Marcus Sasser,Houston,0.1847,4.838,2
2022,Mouhamed Gueye,Washington State,0.1841,3.716,3
2022,Landers Nolley II,Cincinnati,0.1795,3.987,0
2022,Julian Strawther,Gonzaga,0.1754,3.164,3
2022,Ed Croswell,Providence,0.1747,3.154,0
2022,Julian Phillips,Tennessee,0.1724,4.198,3
2022,Jordan Miller,Miami (FL),0.1631,3.924,2
2022,Markquis Nowell,Kansas State,0.1623,5.8,1
2022,Ricky Council IV,Arkansas,0.144,3.743,2
2022,Arterio Morris,Texas,0.1438,3.912,0
2022,Jake Stephens,Chattanooga,0.1381,4.016,0
2022,Maxwell Lewis,Pepperdine,0.1223,3.589,2
2023,Reed Sheppard,Kentucky,0.933,7.051,2
2023,Devin Carter,Providence,0.8731,5.973,2
2023,Kel'el Ware,Indiana,0.8681,5.09,2
2023,Jalen Bridges,Baylor,0.8245,4.337,1
2023,Jonathan Mogbo,San Francisco,0.8193,4.956,2
2023,Reece Beekman,Virginia,0.8026,4.823,1
2023,Tristen Newton,Connecticut,0.8004,5.489,1
2023,Donovan Clingan,Connecticut,0.7969,5.454,2
2023,Jamal Shead,Houston,0.738,4.874,2
2023,Jaylon Tyson,California,0.6771,4.904,2
2023,Jaylin Williams,Auburn,0.6486,4.394,4
2023,N'Faly Dante,Oregon,0.6465,4.706,2
2023,Kyle Filipowski,Duke,0.6347,6.375,2
2023,Rivaldo Soares,Oklahoma,0.6266,3.783,0
2023,Stephon Castle,Connecticut,0.6255,4.926,2
2023,Daniss Jenkins,St. John's (NY),0.6096,4.756,2
2023,Oso Ighodaro,Marquette,0.6093,4.204,2
2023,Quinten Post,Boston College,0.5837,5.136,2
2023,Tristan Da Silva,Colorado,0.5461,3.733,2
2023,Emanuel Miller,TCU,0.4944,3.6,1
2023,Josh Oduro,Providence,0.4868,3.945,0
2023,Makhi Mitchell,Arkansas,0.465,4.01,0
2023,Cam Spencer,Connecticut,0.4563,4.496,2
2023,Zach Edey,Purdue,0.4339,5.277,1
2023,Kalib Boone,UNLV,0.4212,3.67,0
2023,Johnny Furphy,Kansas,0.4127,4.411,2
2023,Yves Missi,Baylor,0.4072,5.162,2
2023,Harrison Ingram,North Carolina,0.3837,5.015,2
2023,Justin Edwards,Kentucky,0.3837,5.323,2
2023,Keshad Johnson,Arizona,0.3576,3.871,2
2023,Ja'Kobe Walter,Baylor,0.3575,4.927,2
2023,Adem Bona,UCLA,0.3517,4.668,2
2023,Antonio Reeves,Kentucky,0.3499,3.655,1
2023,DaRon Holmes II,Dayton,0.3382,5.176,1
2023,Tyler Kolek,Marquette,0.3165,5.456,2
2023,Ryan Dunn,Virginia,0.3032,3.675,2
2023,Rob Dillingham,Kentucky,0.2885,5.635,2
2023,Dylan Disu,Texas,0.2737,4.246,0
2023,Keion Brooks Jr.,Washington,0.2721,3.677,1
2023,Tyreek Smith,SMU,0.2328,3.38,0
2023,Malik Hall,Michigan State,0.228,3.112,0
2023,KJ Simpson,Colorado,0.2172,5.757,2
2023,Jaedon Ledee,San Diego State,0.2093,4.59,0
2023,Isaiah Collier,Southern California,0.2077,5.397,2
2023,Jaelen House,New Mexico,0.1893,3.639,0
2023,Anton Watson,Gonzaga,0.1775,3.658,1
2023,Isaiah Crawford,Louisiana Tech,0.1746,3.514,1
2023,Jahmir Young,Maryland,0.1665,5.493,2
2023,Baylor Scheierman,Creighton,0.1655,4.729,2
2023,Branden Carlson,Utah,0.1541,4.113,2
2024,Thomas Sorber,Georgetown,0.9617,5.761,1
2024,V.J. Edgecombe,Baylor,0.961,6.915,1
2024,Nique Clifford,Colorado State,0.8603,4.836,1
2024,Henri Veesaar,Arizona,0.8316,4.776,0
2024,Danny Wolf,Michigan,0.8209,5.765,1
2024,Mouhamed Dioubate,Alabama,0.8174,5.705,0
2024,Javon Small,West Virginia,0.7955,5.392,1
2024,Chad Baker-Mazara,Auburn,0.772,4.601,0
2024,Ryan Kalkbrenner,Creighton,0.7698,4.787,1
2024,Asa Newell,Georgia,0.7519,6.044,1
2024,Walter Clayton Jr.,Florida,0.7167,5.551,1
2024,Flory Bidunga,Kansas,0.7105,4.876,0
2024,Collin Murray-Boyles,South Carolina,0.6922,6.525,1
2024,Aday Mara,UCLA,0.6869,5.307,0
2024,Fousseyni Traore,Brigham Young,0.6795,4.497,0
2024,Jaxon Kohler,Michigan State,0.6596,4.616,0
2024,Dailyn Swain,Xavier,0.6562,4.554,0
2024,Johni Broome,Auburn,0.6522,4.793,1
2024,Zakai Zeigler,Tennessee,0.6456,5.452,0
2024,Will Richard,Florida,0.644,4.524,1
2024,Chase Hunter,Clemson,0.6172,4.326,0
2024,Kasparas Jakucionis,Illinois,0.5753,6.578,0
2024,Labaron Philon,Alabama,0.574,6.188,0
2024,Jorge Diaz Graham,Pittsburgh,0.5734,3.35,0
2024,Miles Byrd,San Diego State,0.5623,4.549,0
2024,Malik Reneau,Indiana,0.5568,4.625,0
2024,Tahaad Pettiford,Auburn,0.5502,5.771,0
2024,Clifford Omoruyi,Alabama,0.5264,3.913,0
2024,RJ Luis,St. John's (NY),0.5262,4.752,0
2024,Coen Carr,Michigan State,0.5233,4.727,0
2024,David N'Guessan,Kansas State,0.522,3.485,0
2024,Steven Crowl,Wisconsin,0.5216,3.972,0
2024,Paul McNeil Jr.,NC State,0.5182,4.016,0
2024,Maxime Raynaud,Stanford,0.5115,4.021,1
2024,Dylan Harper,Rutgers,0.4997,6.769,1
2024,Khaman Maluach,Duke,0.4828,5.574,0
2024,Anthony Robinson II,Missouri,0.4816,5.422,0
2024,Tobe Awaka,Arizona,0.4671,4.122,0
2024,Arthur Kaluma,Texas,0.4578,3.595,0
2024,Brooks Barnhizer,Northwestern,0.4567,4.327,1
2024,Tre White,Illinois,0.4552,3.699,0
2024,Tre White,Illinois,0.4552,3.699,0
2024,Jase Richardson,Michigan State,0.4547,6.096,1
2024,Kadary Richmond,St. John's (NY),0.4513,4.166,0
2024,Andrew Carr,Kentucky,0.4477,3.292,0
2024,Zvonimir Ivisic,Arkansas,0.4462,4.865,0
2024,KJ Lewis,Arizona,0.4351,5.009,0
2024,Amari Williams,Kentucky,0.4349,5.068,1
2024,Amael L'Etang,Dayton,0.4273,3.834,0
2024,Carter Bryant,Arizona,0.4234,5.518,1
